"DATE","DailyAverageDewPointTemperature","DailyAverageDryBulbTemperature","DailyAverageRelativeHumidity","DailyAverageSeaLevelPressure","DailyAverageStationPressure","DailyAverageWetBulbTemperature","DailyAverageWindSpeed","DailyCoolingDegreeDays","DailyDepartureFromNormalAverageTemperature","DailyHeatingDegreeDays","DailyMaximumDryBulbTemperature","DailyMinimumDryBulbTemperature","DailyPeakWindDirection","DailyPeakWindSpeed","DailyPrecipitation","DailySnowDepth","DailySnowfall","DailySustainedWindDirection","DailySustainedWindSpeed","DailyWeather"
"2010-01-01T23:59:00","1728","26","32","73","30.03","27.73","31","12.7","0","-5.1","33","41","22","360","32","0.00","0","0.0","340","24"
"2010-01-02T23:59:00","1729","8","19","63","30.13","27.78","16","17.3","0","-18.0","46","23","14","320","44","T","T","T","330","31"
"2010-01-03T23:59:00","1730","2","18","55","30.14","27.78","13","15.4","0","-19.0","47","23","12","340","37","0.00","0","0.0","340","26"
"2010-01-04T23:59:00","1731","7","18","64","30.08","27.73","15","17.1","0","-18.9","47","23","12","340","37","T","0","T","330","28"
"2010-01-05T23:59:00","1732","11","20","69","30.06","27.71","17","15.5","0","-16.9","45","24","15","350","32","T","0","T","350","23"
"2010-01-06T23:59:00","1732","12","24","66","30.12","27.76","19","14.5","0","-12.8","41","31","16","330","31","T","0","T","340","24"
"2010-01-07T23:59:00","1733","16","31","60","30.02","27.71","25","5.6","0","-5.8","34","41","20","350","22","T","0","T","340","17"
"2010-01-08T23:59:00","1734","6","19","64","30.08","27.70","13","17.6","0","-17.8","46","28","10","330","38","T","0","T","340","29"
"2010-01-09T23:59:00","1735","7","19","64","30.26","27.88","15","16.7","0","-17.8","46","27","11","320","36","T","0","T","340","26"
"2010-01-10T23:59:00","1736","7","23","58","30.37","27.98","17","15.1","0","-13.7","42","29","16","330","31","0.00","0","0.0","330","24"
"2010-01-11T23:59:00","1737","9","23","56","30.25","27.91","19","6.0","0","-13.7","42","36","9","330","21","0.00","0","0.0","350","16"
"2010-01-12T23:59:00","1738","19","27","72","30.23","27.88","24","14.8","0","-9.7","38","31","22","330","36","T","0","0.2","330","26"
"2010-01-13T23:59:00","1739","15","33","59","30.32","27.96","24","4.8","0","-3.7","32","49","16","360","18","0.00","0","0.0","350","14"
"2010-01-14T23:59:00","1740","16","36","56","30.27","27.94","27","1.2","0","-0.8","29","54","17","150","10","0.00","0","0.0","320","9"
"2010-01-15T23:59:00","1741","14","41","48","30.29","27.96","29","2.4","0","4.2","24","60","21","340","17","0.00","0","0.0","350","12"
"2010-01-16T23:59:00","1742","27","38","72","30.21","27.93","33","0.5","0","1.2","27","50","26","130","14","0.41","0","0.0","140","10"
"2010-01-17T23:59:00","1743","43","46","95","29.68","27.45","44","4.1","0","9.2","19","52","39","320","28","1.26","0","0.0","330","20"
"2010-01-18T23:59:00","1744","34","45","66","29.94","27.65","40","9.3","0","8.1","20","57","33","350","31","0.00","0","0.0","340","23"
"2010-01-19T23:59:00","1745","33","44","70","30.00","27.71","39","3.3","0","7.1","21","59","29","340","16","0.00","0","0.0","330","13"
"2010-01-20T23:59:00","1746","40","47","85","29.92","27.65","42","0.8","0","10.0","18","61","33","260","21","0.04","0","0.0","310","12"
"2010-01-21T23:59:00","1747","37","39","95","29.86","27.59","37","5.8","0","2.0","26","46","32","170","18","0.34","0","T","180","16"
"2010-01-22T23:59:00","1748","37","42","91","29.86","27.55","38","4.9","0","4.9","23","51","33","330","22","T","0","0.0","330","17"
"2010-01-23T23:59:00","1749","37","38","96","30.09","27.78","38","6.2","0","0.9","27","40","36","160","16","T","0","0.0","170","14"
"2010-01-24T23:59:00","1750","42","47","97","29.74","27.54","43","7.2","0","9.8","18","58","36","190","30","3.35","0","0.0","180","21"
"2010-01-25T23:59:00","1751","33","44","64","29.52","27.25","40","7.8","0","6.7","21","55","32","250","35","0.01","0","0.0","240","22"
"2010-01-26T23:59:00","1752","19","32","61","29.91","27.58","27","9.7","0","-5.4","33","39","25","350","28","0.00","0","0.0","330","21"
"2010-01-27T23:59:00","1753","20","34","64","30.23","27.88","28","9.8","0","-3.5","31","42","26","330","25","0.00","0","0.0","330","20"
"2010-01-28T23:59:00","1754","25","40","57","30.21","27.89","34","8.0","0","2.4","25","55","25","340","30","0.00","0","0.0","340","24"
"2010-01-29T23:59:00","1755","22","34","69","30.18","27.89","29","5.7","0","-3.7","31","39","28","350","26","0.91","0","11.0","350","21"
"2010-01-30T23:59:00","1756","24","28","89","29.91","27.61","26","6.6","0","-9.8","37","29","26","340","29","0.68","12","2.0","340","24"
"2010-01-31T23:59:00","1757","17","31","65","30.18","27.81","25","12.1","0","-6.9","34","40","21","340","31","0.00","12","0.0","330","24"
"2010-02-01T23:59:00","1758","18","30","67","30.28","27.95","26","3.5","0","-8.0","35","46","14","140","17","0.00","8","0.0","150","12"
"2010-02-02T23:59:00","1759","33","36","92","30.06","27.76","35","3.9","0","-2.2","29","40","32","340","18","0.54","8","0.0","340","16"
"2010-02-03T23:59:00","1800","28","37","74","30.15","27.81","33","12.6","0","-1.3","28","43","30","350","31","T","3","0.0","340","22"
"2010-02-04T23:59:00","1801","27","31","85","30.31","27.97","30","5.6","0","-7.4","34","35","27","350","17","0.24","1","3.0","160","14"
"2010-02-05T23:59:00","1802","32","34","95","29.84","27.62","33","4.9","0","-4.6","31","36","31","140","21","1.80","2","T","180","17"
"2010-02-06T23:59:00","1803","30","35","88","29.63","27.32","32","7.6","0","-3.7","30","37","32","330","29","0.02","T","0.0","340","23"
"2010-02-07T23:59:00","1804","25","33","78","29.98","27.66","29","10.5","0","-5.9","32","36","30","340","23","0.00","T","0.0","340","20"
"2010-02-08T23:59:00","1805","28","37","74","30.06","27.75","32","4.4","0","-2.1","28","44","30","140","15","0.00","0","0.0","340","10"
"2010-02-09T23:59:00","1806","32","35","83","29.85","27.60","35","7.3","0","-4.2","30","40","30","340","28","0.09","0","0.0","340","22"
"2010-02-10T23:59:00","1807","12","25","57","29.81","27.47","21","21.6","0","-14.4","40","30","19","320","46","T","0","T","330","38"
"2010-02-11T23:59:00","1808","17","28","69","29.98","27.65","23","17.3","0","-11.6","37","35","21","330","45","T","T","T","340","32"
"2010-02-12T23:59:00","1809","21","29","77","29.88","27.58","25","7.0","0","-10.8","36","32","25","330","24","0.19","0","2.8","330","21"
"2010-02-13T23:59:00","1810","17","25","71","29.85","27.52","23","12.3","0","-14.9","40","30","20","340","30","T","3","T","330","23"
"2010-02-14T23:59:00","1811","22","29","75","29.92","27.60","27","4.4","0","-11.1","36","39","19","330","22","T","2","T","330","18"
"2010-02-15T23:59:00","1812","23","32","71","29.74","27.47","28","9.3","0","-8.3","33","42","22","330","32","0.09","T","T","340","23"
"2010-02-16T23:59:00","1813","12","23","62","29.87","27.55","20","14.5","0","-17.5","42","29","17","330","31","0.00","0","0.0","340","23"
"2010-02-17T23:59:00","1814","16","26","68","29.90","27.58","22","12.6","0","-14.7","39","31","21","330","32","T","0","T","330","23"
"2010-02-18T23:59:00","1815","20","32","65","30.02","27.69","26","14.7","0","-8.9","33","38","25","340","35","0.00","0","0.0","340","25"
"2010-02-19T23:59:00","1816","21","39","54","30.11","27.79","31","9.8","0","-2.1","26","49","29","340","26","0.00","0","0.0","340","21"
"2010-02-20T23:59:00","1817","20","40","53","30.15","27.85","31","2.3","0","-1.3","25","57","23","340","15","T","0","0.0","330","13"
"2010-02-21T23:59:00","1818","25","42","59","30.06","27.79","34","2.2","0","0.4","23","60","23","170","18","0.00","0","0.0","160","13"
"2010-02-22T23:59:00","1819","38","46","78","29.74","27.50","42","3.6","0","4.2","19","60","32","300","17","0.38","0","0.0","340","14"
"2010-02-23T23:59:00","1820","36","44","80","29.73","27.47","39","11.4","0","2.0","21","52","35","340","32","0.00","0","0.0","340","26"
"2010-02-24T23:59:00","1821","26","31","75","29.80","27.52","30","11.5","0","-11.2","34","36","26","330","32","T","0","T","330","25"
"2010-02-25T23:59:00","1822","10","25","55","29.89","27.55","20","19.4","0","-17.4","40","30","20","330","41","T","0","T","340","32"
"2010-02-26T23:59:00","1823","11","31","46","29.85","27.55","24","14.5","0","-11.7","34","40","22","330","36","0.00","0","0.0","330","28"
"2010-02-27T23:59:00","1824","18","34","56","29.74","27.45","28","14.4","0","-8.9","31","42","26","320","30","0.00","0","0.0","330","24"
"2010-02-28T23:59:00","1824","24","33","73","29.88","27.57","28","11.9","0","-10.1","32","36","29","350","28","0.00","0","0.0","350","21"
"2010-03-01T23:59:00","1825","25","37","67","29.99","27.70","31","12.7","0","-6.2","28","43","30","330","37","0.00","0","0.0","340","32"
"2010-03-02T23:59:00","1826","29","33","88","29.75","27.49","31","6.7","0","-10.4","32","34","31","330","29","0.52","1","8.8","330","23"
"2010-03-03T23:59:00","1827","22","30","72","29.78","27.47","27","18.0","0","-13.6","35","33","27","330","35","T","7","T","330","30"
"2010-03-04T23:59:00","1828","22","34","62","29.96","27.65","29","15.1","0","-9.8","31","40","28","310","38","T","2","T","330","29"
"2010-03-05T23:59:00","1829","13","35","41","30.13","27.79","28","13.7","0","-9.1","30","42","28","320","35","0.00","0","0.0","320","25"
"2010-03-06T23:59:00","1830","14","40","39","30.23","27.91","30","10.7","0","-4.3","25","52","27","340","26","0.00","0","0.0","330","21"
"2010-03-07T23:59:00","1831","14","40","41","30.19","27.89","31","4.4","0","-4.6","25","58","22","330","15","0.00","0","0.0","330","13"
"2010-03-08T23:59:00","1832","29","48","52","30.05","27.78","39","5.6","0","3.2","17","64","31","330","22","0.00","0","0.0","340","17"
"2010-03-09T23:59:00","1832","33","48","57","29.98","27.72","42","4.4","0","3.0","17","67","29","170","22","0.00","0","0.0","160","17"
"2010-03-10T23:59:00","1833","42","51","70","29.89","27.65","47","6.9","0","5.7","14","58","44","200","21","0.00","0","0.0","200","16"
"2010-03-11T23:59:00","1834","48","49","97","29.85","27.60","48","3.6","0","3.5","16","52","46","170","16","0.39","0","0.0","170","12"
"2010-03-12T23:59:00","1835","50","51","96","29.64","27.44","50","3.0","0","5.2","14","56","46","340","23","1.00","0","0.0","340","18"
"2010-03-13T23:59:00","1836","39","44","88","29.45","27.21","41","5.1","0","-2.0","21","53","34","200","20","0.40","0","0.0","200","17"
"2010-03-14T23:59:00","1837","36","42","82","29.60","27.33","39","6.5","0","-4.3","23","50","34","330","16","0.02","0","0.0","330","14"
"2010-03-15T23:59:00","1838","35","43","77","29.84","27.55","39","14.0","0","-3.5","22","46","39","330","43","0.00","0","0.0","340","31"
"2010-03-16T23:59:00","1838","35","45","70","30.02","27.73","40","15.0","0","-1.8","20","50","39","330","36","0.00","0","0.0","330","30"
"2010-03-17T23:59:00","1839","37","46","73","30.02","27.75","41","2.2","0","-1.0","19","49","42","340","13","T","0","0.0","350","9"
"2010-03-18T23:59:00","1840","37","53","61","29.90","27.64","44","8.8","0","5.7","12","63","43","350","23","0.00","0","0.0","340","18"
"2010-03-19T23:59:00","1841","30","53","44","29.98","27.71","43","3.7","0","5.4","12","68","37","350","20","0.00","0","0.0","340","14"
"2010-03-20T23:59:00","1842","33","51","55","30.04","27.78","43","5.0","0","3.2","14","69","32","170","26","0.00","0","0.0","170","21"
"2010-03-21T23:59:00","1843","45","48","87","29.89","27.67","47","5.9","0","-0.1","17","55","40","160","36","0.91","0","0.0","160","21"
"2010-03-22T23:59:00","1843","32","42","81","29.74","27.47","35","6.9","0","-6.3","23","51","32","210","22","0.16","0","1.0","180","16"
"2010-03-23T23:59:00","1844","32","45","66","29.90","27.60","38","9.2","0","-3.6","20","59","31","340","24","0.00","0","0.0","350","17"
"2010-03-24T23:59:00","1845","33","52","50","30.05","27.79","44","5.0","0","3.1","13","72","32","170","20","0.00","0","0.0","170","16"
"2010-03-25T23:59:00","1846","41","51","73","29.87","27.65","45","5.9","0","1.9","14","62","39","220","32","0.02","0","0.0","190","23"
"2010-03-26T23:59:00","1847","38","44","73","29.81","27.52","42","11.9","0","-5.4","21","52","36","340","33","T","0","0.0","330","28"
"2010-03-27T23:59:00","1848","30","43","60","30.17","27.87","38","7.0","0","-6.7","22","54","31","170","22","0.00","0","0.0","150","17"
"2010-03-28T23:59:00","1848","44","48","90","29.88","27.66","46","7.3","0","-1.9","17","54","42","150","26","0.76","0","0.0","160","17"
"2010-03-29T23:59:00","1849","41","50","76","29.73","27.48","44","11.9","0","-0.2","15","57","42","340","35","T","0","0.0","340","26"
"2010-03-30T23:59:00","1850","35","50","62","29.91","27.63","42","11.8","0","-0.5","15","58","42","320","31","0.00","0","0.0","330","23"
"2010-03-31T23:59:00","1851","32","52","51","30.04","27.76","43","3.9","0","1.2","13","73","30","350","21","0.00","0","0.0","340","15"
"2010-04-01T23:59:00","1852","34","60","47","30.08","27.83","47","3.8","0","9.0","5","82","37","160","18","0.00","0","0.0","340","14"
"2010-04-02T23:59:00","1852","40","62","50","30.07","27.83","50","3.3","0","10.7","3","83","41","160","22","0.00","0","0.0","150","15"
"2010-04-03T23:59:00","1853","42","63","51","30.03","27.79","51","4.4","0","11.4","2","77","48","210","25","0.00","0","0.0","170","20"
"2010-04-04T23:59:00","1854","44","62","54","30.13","27.88","52","2.6","0","10.2","3","79","45","120","14","0.00","0","0.0","150","10"
"2010-04-05T23:59:00","1855","49","65","58","30.13","27.90","56","4.2","0","12.9","0","84","45","360","18","0.00","0","0.0","340","16"
"2010-04-06T23:59:00","1856","46","68","51","30.01","27.81","56","4.7","3","15.6","0","87","49","210","29","0.00","0","0.0","170","22"
"2010-04-07T23:59:00","1856","46","67","48","29.90","27.71","56","7.5","2","14.3","0","81","53","210","26","0.00","0","0.0","200","22"
"2010-04-08T23:59:00","1857","51","57","78","29.76","27.55","55","9.8","0","4.1","8","65","48","320","30","0.63","0","0.0","330","23"
"2010-04-09T23:59:00","1858","29","51","44","29.98","27.68","41","14.9","0","-2.2","14","61","41","340","37","0.00","0","0.0","330","28"
"2010-04-10T23:59:00","1859","27","52","39","30.29","28.00","42","5.6","0","-1.5","13","68","36","160","21","0.00","0","0.0","330","16"
"2010-04-11T23:59:00","1900","32","53","49","30.29","28.03","44","2.4","0","-0.8","12","72","34","340","20","0.00","0","0.0","340","14"
"2010-04-12T23:59:00","1901","36","57","50","30.27","28.01","47","2.9","0","3.0","8","75","39","150","16","0.00","0","0.0","180","12"
"2010-04-13T23:59:00","1901","40","60","52","30.29","28.03","50","3.0","0","5.7","5","78","41","340","20","0.00","0","0.0","340","17"
"2010-04-14T23:59:00","1902","46","58","69","30.39","28.11","51","5.7","0","3.4","7","71","45","170","22","0.00","0","0.0","170","17"
"2010-04-15T23:59:00","1903","49","63","68","30.35","28.09","54","6.6","0","8.1","2","79","47","360","24","0.00","0","0.0","340","20"
"2010-04-16T23:59:00","1904","42","63","50","30.10","27.90","53","4.1","0","7.9","2","80","46","350","22","T","0","0.0","340","17"
"2010-04-17T23:59:00","1905","40","61","50","29.91","27.69","51","10.1","0","5.6","4","70","52","340","33","0.00","0","0.0","330","24"
"2010-04-18T23:59:00","1905","24","55","33","29.99","27.74","41","12.6","0","-0.7","10","65","44","340","31","0.00","0","0.0","340","25"
"2010-04-19T23:59:00","1906","32","51","53","30.04","27.78","43","4.0","0","-5.0","14","68","34","340","24","0.00","0","0.0","340","18"
"2010-04-20T23:59:00","1907","44","50","81","29.95","27.71","47","2.3","0","-6.2","15","56","44","170","14","0.05","0","0.0","180","9"
"2010-04-21T23:59:00","1908","42","54","67","29.83","27.59","47","8.8","0","-2.5","11","64","43","340","28","T","0","0.0","330","22"
"2010-04-22T23:59:00","1909","37","54","58","29.90","27.65","46","3.3","0","-2.8","11","72","36","350","22","0.00","0","0.0","340","15"
"2010-04-23T23:59:00","1910","48","64","57","29.91","27.68","55","3.4","0","7.0","1","79","49","170","17","T","0","0.0","190","12"
"2010-04-24T23:59:00","1910","55","62","84","29.88","27.68","57","8.3","0","4.7","3","67","56","180","31","0.84","0","0.0","180","25"
"2010-04-25T23:59:00","1911","53","65","67","29.52","27.35","58","8.2","0","7.4","0","74","56","210","33","0.71","0","0.0","180","24"
"2010-04-26T23:59:00","1912","46","57","69","29.43","27.23","51","8.4","0","-0.8","8","63","51","320","28","T","0","0.0","310","21"
"2010-04-27T23:59:00","1913","41","51","73","29.60","27.36","45","10.6","0","-7.1","14","58","44","340","35","0.01","0","0.0","330","23"
"2010-04-28T23:59:00","1914","32","49","53","29.93","27.64","41","7.9","0","-9.3","16","62","36","340","26","0.00","0","0.0","350","22"
"2010-04-29T23:59:00","1915","38","52","60","30.03","27.76","46","3.5","0","-6.6","13","69","34","180","18","0.00","0","0.0","180","14"
"2010-04-30T23:59:00","1915","44","61","56","29.96","27.73","52","6.4","0","2.2","4","81","41","190","26","0.00","0","0.0","180","21"
"2010-05-01T23:59:00","1916","60","64","83","29.94","27.72","62","8.0","0","4.9","1","77","51","190","33","0.03","0","0.0","200","23"
"2010-05-02T23:59:00","1917","65","73","75","29.90","27.71","68","13.9","8","13.6","0","80","66","210","35","T","0","0.0","170","25"
"2010-05-03T23:59:00","1918","64","69","85","29.90","27.70","66","9.6","4","9.4","0","73","65","180","26","1.17","0","0.0","180","20"
"2010-05-04T23:59:00","1919","48","67","55","29.94","27.73","57","6.9","2","7.1","0","79","54","330","24","0.00","0","0.0","340","18"
"2010-05-05T23:59:00","1920","52","64","63","29.97","27.75","57","4.0","0","3.9","1","80","48","170","18","0.00","0","0.0","160","14"
"2010-05-06T23:59:00","1920","56","69","67","29.94","27.73","61","4.6","4","8.6","0","83","54","330","26","0.00","0","0.0","330","21"
"2010-05-07T23:59:00","1921","56","67","70","29.96","27.75","61","5.8","2","6.4","0","82","51","170","26","0.00","0","0.0","180","20"
"2010-05-08T23:59:00","1922","43","61","49","29.91","27.68","53","14.1","0","0.1","4","71","51","330","32","0.00","0","0.0","330","26"
"2010-05-09T23:59:00","1923","33","54","49","30.18","27.89","43","12.6","0","-7.1","11","63","44","340","38","0.00","0","0.0","340","28"
"2010-05-10T23:59:00","1924","40","48","73","30.30","28.01","45","4.1","0","-13.3","17","58","38","160","18","0.06","0","0.0","150","14"
"2010-05-11T23:59:00","1924","52","54","93","30.26","27.99","53","4.4","0","-7.6","11","59","49","170","18","0.04","0","0.0","180","14"
"2010-05-12T23:59:00","1925","61","67","83","30.17","27.93","63","5.7","2","5.2","0","76","57","220","18","0.00","0","0.0","200","14"
"2010-05-13T23:59:00","1926","61","69","77","30.21","27.96","64","3.0","4","6.9","0","81","56","160","17","0.00","0","0.0","170","12"
"2010-05-14T23:59:00","1927","63","72","77","30.23","28.00","66","3.9","7","9.7","0","84","60","350","21","0.67","0","0.0","350","13"
"2010-05-15T23:59:00","1928","63","69","85","30.16","27.94","65","3.8","4","6.4","0","79","59","340","16","0.13","0","0.0","340","14"
"2010-05-16T23:59:00","1928","62","69","89","30.05","27.84","63","1.5","4","6.2","0","79","59","180","37","0.19","0","0.0","210","17"
"2010-05-17T23:59:00","1929","62","69","86","29.93","27.72","63","4.0","4","5.9","0","76","62","340","21","0.46","0","0.0","340","17"
"2010-05-18T23:59:00","1930","56","68","73","29.86","27.65","60","4.9","3","4.7","0","77","58","340","18","0.00","0","0.0","340","15"
"2010-05-19T23:59:00","1931","50","63","65","29.91","27.68","55","9.8","0","-0.6","2","71","54","350","24","0.00","0","0.0","340","20"
"2010-05-20T23:59:00","1931","53","62","70","30.06","27.81","57","4.1","0","-1.8","3","73","51","150","17","0.00","0","0.0","160","13"
"2010-05-21T23:59:00","1932","58","62","90","30.11","27.88","59","3.1","0","-2.1","3","68","56","160","15","0.39","0","0.0","170","12"
"2010-05-22T23:59:00","1933","62","68","84","30.05","27.83","64","3.0","3","3.7","0","77","58","140","16","T","0","0.0","170","14"
"2010-05-23T23:59:00","1934","58","70","70","30.07","27.84","63","6.9","5","5.4","0","82","58","320","25","0.00","0","0.0","330","21"
"2010-05-24T23:59:00","1934","59","66","81","30.10","27.88","61","1.8","1","1.2","0","74","57","030","21","0.17","0","0.0","030","13"
"2010-05-25T23:59:00","1935","59","68","77","30.11","27.89","62","1.9","3","2.9","0","75","60","160","15","0.14","0","0.0","150","12"
"2010-05-26T23:59:00","1936","60","69","78","29.97","27.76","62","5.5","4","3.6","0","81","57","350","23","0.00","0","0.0","330","15"
"2010-05-27T23:59:00","1937","61","70","76","29.87","27.66","64","4.6","5","4.4","0","83","56","350","21","0.18","0","0.0","350","16"
"2010-05-28T23:59:00","1937","61","71","77","29.87","27.66","64","4.6","6","5.1","0","81","60","350","23","T","0","0.0","340","20"
"2010-05-29T23:59:00","1938","61","70","76","29.94","27.73","64","4.1","5","3.9","0","79","60","190","17","0.01","0","0.0","140","12"
"2010-05-30T23:59:00","1939","62","71","80","30.01","27.78","65","3.3","6","4.6","0","80","62","150","23","0.01","0","0.0","160","20"
"2010-05-31T23:59:00","1939","64","70","91","30.05","27.83","65","2.9","5","3.4","0","75","64","110","14","1.24","0","0.0","110","10"
"2010-06-01T23:59:00","1940","64","71","85","29.97","27.76","66","2.2","6","4.1","0","79","63","230","14","T","0","0.0","230","9"
"2010-06-02T23:59:00","1940","65","72","90","29.89","27.69","66","2.1","7","4.8","0","80","63","180","14","0.05","0","0.0","180","10"
"2010-06-03T23:59:00","1941","63","74","75","29.84","27.64","66","4.5","9","6.6","0","85","63","180","21","T","0","0.0","180","16"
"2010-06-04T23:59:00","1942","65","72","83","29.91","27.71","67","2.0","7","4.3","0","81","62","160","18","0.05","0","0.0","200","13"
"2010-06-05T23:59:00","1942","67","75","83","29.92","27.72","69","2.2","10","7.1","0","85","64","340","22","T","0","0.0","340","17"
"2010-06-06T23:59:00","1943","64","74","76","29.81","27.63","67","6.4","9","5.8","0","85","62","340","35","0.11","0","0.0","340","26"
"2010-06-07T23:59:00","1943","53","68","62","29.99","27.76","59","8.1","3","-0.4","0","78","58","340","25","0.00","0","0.0","330","20"
"2010-06-08T23:59:00","1944","57","67","70","30.10","27.87","61","2.7","2","-1.7","0","79","54","190","14","T","0","0.0","180","12"
"2010-06-09T23:59:00","1944","63","72","78","30.05","27.83","66","2.0","7","3.1","0","82","62","270","16","T","0","0.0","280","12"
"2010-06-10T23:59:00","1945","67","74","82","30.01","27.79","69","5.2","9","4.8","0","81","66","350","25","0.26","0","0.0","320","20"
"2010-06-11T23:59:00","1945","67","75","84","30.12","27.89","69","1.7","10","5.6","0","85","64","240","16","T","0","0.0","240","10"
"2010-06-12T23:59:00","1946","69","76","83","30.13","27.92","70","1.2","11","6.4","0","85","66","310","15","0.00","0","0.0","310","12"
"2010-06-13T23:59:00","1946","67","78","74","30.03","27.83","70","4.6","13","8.1","0","90","65","330","35","0.10","0","0.0","330","30"
"2010-06-14T23:59:00","1946","67","78","73","29.99","27.79","70","3.4","13","7.9","0","89","66","230","16","0.00","0","0.0","340","14"
"2010-06-15T23:59:00","1947","67","76","82","30.05","27.85","69","4.3","11","5.7","0","88","64","310","21","0.60","0","0.0","310","14"
"2010-06-16T23:59:00","1947","66","75","84","30.08","27.86","68","4.9","10","4.5","0","85","64","340","20","0.01","0","0.0","340","15"
"2010-06-17T23:59:00","1947","62","75","68","30.03","27.83","67","6.7","10","4.2","0","86","63","340","23","0.00","0","0.0","330","20"
"2010-06-18T23:59:00","1948","61","71","69","30.08","27.86","65","1.7","6","0.0","0","84","58","170","15","0.00","0","0.0","160","9"
"2010-06-19T23:59:00","1948","63","75","70","30.07","27.87","67","2.9","10","3.8","0","87","63","320","22","T","0","0.0","310","15"
"2010-06-20T23:59:00","1948","62","76","64","30.04","27.84","67","6.6","11","4.6","0","86","65","330","24","0.00","0","0.0","330","20"
"2010-06-21T23:59:00","1948","62","74","70","30.11","27.89","66","2.9","9","2.5","0","88","60","010","23","0.09","0","0.0","360","16"
"2010-06-22T23:59:00","1949","65","76","75","30.15","27.94","68","3.5","11","4.3","0","90","62","190","22","T","0","0.0","190","16"
"2010-06-23T23:59:00","1949","67","77","75","30.14","27.94","70","3.9","12","5.1","0","90","63","340","18","T","0","0.0","330","14"
"2010-06-24T23:59:00","1949","67","79","74","30.05","27.86","70","4.4","14","6.9","0","91","66","330","21","0.02","0","0.0","340","14"
"2010-06-25T23:59:00","1949","68","76","84","30.05","27.84","69","4.1","11","3.8","0","86","65","290","20","0.07","0","0.0","300","14"
"2010-06-26T23:59:00","1949","67","77","77","29.98","27.78","70","4.5","12","4.6","0","89","65","350","21","0.00","0","0.0","330","14"
"2010-06-27T23:59:00","1949","67","77","79","29.89","27.71","69","2.4","12","4.5","0","90","64","220","15","T","0","0.0","170","12"
"2010-06-28T23:59:00","1949","66","78","71","29.86","27.67","70","4.9","13","5.3","0","91","64","210","22","T","0","0.0","200","16"
"2010-06-29T23:59:00","1949","67","75","82","29.97","27.76","69","4.8","10","2.2","0","84","66","290","18","0.39","0","0.0","350","14"
"2010-06-30T23:59:00","1949","64","75","73","30.08","27.86","67","2.4","10","2.1","0","84","66","180","13","0.00","0","0.0","330","10"
"2010-07-01T23:59:00","1949","61","74","68","30.14","27.92","65","2.5","9","0.9","0","84","63","360","14","0.00","0","0.0","350","12"
"2010-07-02T23:59:00","1949","57","70","66","30.20","27.96","62","2.7","5","-3.2","0","76","63","130","16","0.00","0","0.0","170","10"
"2010-07-03T23:59:00","1949","60","70","71","30.18","27.96","64","3.1","5","-3.3","0","80","60","170","17","0.00","0","0.0","190","13"
"2010-07-04T23:59:00","1949","59","71","66","30.12","27.91","64","2.3","6","-2.4","0","85","57","170","17","0.00","0","0.0","170","14"
"2010-07-05T23:59:00","1949","58","71","64","30.10","27.88","63","3.4","6","-2.5","0","85","56","160","17","0.00","0","0.0","170","13"
"2010-07-06T23:59:00","1949","58","73","62","30.11","27.90","64","3.1","8","-0.5","0","88","57","350","17","0.00","0","0.0","160","12"
"2010-07-07T23:59:00","1948","61","76","62","30.08","27.89","67","3.0","11","2.4","0","92","59","330","16","0.00","0","0.0","330","12"
"2010-07-08T23:59:00","1948","65","79","66","30.00","27.82","69","2.8","14","5.3","0","94","64","300","22","0.01","0","0.0","310","15"
"2010-07-09T23:59:00","1948","67","78","77","29.94","27.76","70","5.0","13","4.3","0","89","66","340","26","T","0","0.0","340","18"
"2010-07-10T23:59:00","1948","64","78","66","29.91","27.72","68","9.1","13","4.2","0","87","68","330","24","T","0","0.0","340","18"
"2010-07-11T23:59:00","1947","64","75","77","29.93","27.73","67","2.6","10","1.2","0","87","63","300","31","0.78","0","0.0","300","25"
"2010-07-12T23:59:00","1947","68","73","89","29.88","27.68","70","1.9","8","-0.9","0","79","67","340","14","0.28","0","0.0","340","12"
"2010-07-13T23:59:00","1946","68","77","82","29.92","27.71","71","3.4","12","3.1","0","87","67","180","22","0.05","0","0.0","190","18"
"2010-07-14T23:59:00","1946","65","77","70","30.03","27.82","68","7.8","12","3.1","0","86","67","340","25","0.00","0","0.0","340","20"
"2010-07-15T23:59:00","1946","66","75","72","30.06","27.86","69","2.3","10","1.0","0","87","63","170","13","T","0","0.0","170","10"
"2010-07-16T23:59:00","1945","68","79","77","30.05","27.85","71","2.5","14","5.0","0","89","69","330","25","T","0","0.0","180","20"
"2010-07-17T23:59:00","1945","67","75","82","30.08","27.86","69","3.6","10","1.0","0","83","67","180","21","T","0","0.0","190","16"
"2010-07-18T23:59:00","1944","68","75","85","30.07","27.86","70","4.6","10","1.0","0","83","67","180","25","0.92","0","0.0","180","20"
"2010-07-19T23:59:00","1944","68","78","78","30.04","27.82","70","2.2","13","4.0","0","87","68","180","15","0.05","0","0.0","190","10"
"2010-07-20T23:59:00","1943","67","78","80","30.10","27.89","70","3.3","13","4.0","0","89","66","210","30","0.03","0","0.0","210","22"
"2010-07-21T23:59:00","1942","69","78","78","30.13","27.92","71","4.5","13","4.0","0","88","67","330","23","T","0","0.0","320","16"
"2010-07-22T23:59:00","1942","69","79","78","30.11","27.91","72","4.6","14","5.0","0","88","69","320","18","T","0","0.0","320","13"
"2010-07-23T23:59:00","1941","70","80","77","30.10","27.89","72","3.3","15","6.0","0","91","68","270","16","T","0","0.0","330","12"
"2010-07-24T23:59:00","1940","70","82","72","30.07","27.89","73","2.7","17","8.0","0","93","70","200","13","0.00","0","0.0","200","10"
"2010-07-25T23:59:00","1940","71","81","83","30.04","27.85","73","2.0","16","7.0","0","92","70","340","26","0.51","0","0.0","330","18"
"2010-07-26T23:59:00","1939","70","81","84","30.06","27.86","72","3.9","16","7.0","0","91","71","200","21","0.06","0","0.0","200","16"
"2010-07-27T23:59:00","1938","70","78","83","30.08","27.88","72","3.5","13","4.0","0","85","70","210","17","0.31","0","0.0","230","14"
"2010-07-28T23:59:00","1937","71","79","85","30.09","27.89","72","3.5","14","5.0","0","87","70","340","24","0.19","0","0.0","330","21"
"2010-07-29T23:59:00","1937","69","79","76","30.01","27.83","72","7.1","14","5.0","0","88","69","350","20","T","0","0.0","330","15"
"2010-07-30T23:59:00","1936","65","79","68","29.93","27.75","70","5.9","14","5.0","0","87","70","340","21","0.00","0","0.0","330","16"
"2010-07-31T23:59:00","1935","67","74","84","29.90","27.71","69","4.7","9","0.0","0","78","70","150","15","0.35","0","0.0","180","10"
"2010-08-01T23:59:00","1934","68","72","91","29.94","27.71","69","5.3","7","-1.9","0","77","67","170","20","T","0","0.0","170","15"
"2010-08-02T23:59:00","1933","68","73","90","30.09","27.86","69","5.5","8","-0.9","0","79","67","160","16","0.00","0","0.0","160","14"
"2010-08-03T23:59:00","1932","70","81","78","30.08","27.89","73","3.1","16","7.1","0","89","72","160","16","0.00","0","0.0","170","13"
"2010-08-04T23:59:00","1931","71","80","77","30.00","27.81","74","2.2","15","6.1","0","90","70","160","12","0.00","0","0.0","190","10"
"2010-08-05T23:59:00","1930","70","80","82","29.91","27.72","72","2.6","15","6.2","0","90","69","340","29","0.04","0","0.0","350","20"
"2010-08-06T23:59:00","1929","68","77","82","29.89","27.70","70","5.6","12","3.2","0","86","67","350","17","0.03","0","0.0","350","13"
"2010-08-07T23:59:00","1928","65","74","77","29.95","27.73","68","3.0","9","0.2","0","84","63","170","16","0.00","0","0.0","170","12"
"2010-08-08T23:59:00","1927","67","76","75","29.99","27.79","70","2.3","11","2.3","0","87","64","220","16","0.00","0","0.0","170","12"
"2010-08-09T23:59:00","1926","68","78","79","30.03","27.83","70","2.5","13","4.3","0","90","66","140","16","T","0","0.0","150","12"
"2010-08-10T23:59:00","1925","69","78","76","30.02","27.82","72","3.6","13","4.4","0","91","65","170","20","0.00","0","0.0","180","16"
"2010-08-11T23:59:00","1924","70","81","76","29.95","27.77","73","3.4","16","7.4","0","92","69","330","15","T","0","0.0","330","13"
"2010-08-12T23:59:00","1923","70","81","78","29.86","27.70","73","4.7","16","7.5","0","92","70","330","20","T","0","0.0","330","14"
"2010-08-13T23:59:00","1922","70","80","77","29.88","27.68","73","3.0","15","6.5","0","92","68","180","15","T","0","0.0","150","10"
"2010-08-14T23:59:00","1921","70","76","84","29.99","27.78","71","3.7","11","2.6","0","82","70","170","16","0.13","0","0.0","170","13"
"2010-08-15T23:59:00","1919","70","79","87","30.00","27.79","72","2.5","14","5.7","0","87","70","100","21","0.74","0","0.0","200","14"
"2010-08-16T23:59:00","1918","70","78","84","30.01","27.80","72","3.1","13","4.8","0","85","70","180","16","0.00","0","0.0","170","12"
"2010-08-17T23:59:00","1917","71","76","91","30.04","27.83","72","1.4","11","2.8","0","82","69","230","18","0.61","0","0.0","240","14"
"2010-08-18T23:59:00","1916","71","78","86","30.02","27.83","72","2.5","13","4.9","0","86","70","010","23","0.81","0","0.0","330","16"
"2010-08-19T23:59:00","1915","71","77","85","29.92","27.73","72","4.5","12","4.0","0","83","71","200","21","0.04","0","0.0","190","16"
"2010-08-20T23:59:00","1913","68","76","79","29.97","27.76","70","2.9","11","3.1","0","84","67","140","15","0.00","0","0.0","120","9"
"2010-08-21T23:59:00","1912","69","70","96","29.98","27.78","69","0.9","5","-2.8","0","73","67","110","12","1.02","0","0.0","290","8"
"2010-08-22T23:59:00","1911","66","77","74","29.93","27.73","69","7.4","12","4.4","0","86","68","340","24","0.00","0","0.0","340","20"
"2010-08-23T23:59:00","1910","61","74","67","29.90","27.71","65","7.0","9","1.5","0","83","64","340","20","T","0","0.0","340","15"
"2010-08-24T23:59:00","1908","63","71","77","29.88","27.68","66","2.4","6","-1.4","0","81","61","170","15","0.05","0","0.0","170","12"
"2010-08-25T23:59:00","1907","63","73","76","29.97","27.75","66","3.5","8","0.8","0","81","65","200","14","T","0","0.0","170","10"
"2010-08-26T23:59:00","1906","63","73","79","30.05","27.83","66","4.1","8","0.9","0","83","62","200","23","T","0","0.0","190","17"
"2010-08-27T23:59:00","1904","65","72","80","30.09","27.86","67","2.3","7","0.1","0","82","62","120","15","0.00","0","0.0","170","12"
"2010-08-29T23:59:00","1902","64","72","78","30.25","28.02","67","2.3","7","0.5","0","83","61","160","16","0.00","0","0.0","170","13"
"2010-08-30T23:59:00","1900","62","73","73","30.28","28.06","66","2.3","8","1.6","0","83","63","140","16","0.00","0","0.0","170","13"
"2010-08-31T23:59:00","1859","58","72","67","30.22","28.01","63","2.2","7","0.8","0","86","57","180","14","0.00","0","0.0","170","10"
"2010-09-01T23:59:00","1858","57","71","68","30.11","27.90","62","2.3","6","0.1","0","87","55","160","13","0.00","0","0.0","160","9"
"2010-09-02T23:59:00","1856","58","73","68","30.01","27.81","63","1.9","8","2.3","0","87","58","110","13","0.00","0","0.0","100","8"
"2010-09-03T23:59:00","1855","60","73","70","29.90","27.71","64","5.4","8","2.5","0","88","57","340","25","T","0","0.0","340","18"
"2010-09-04T23:59:00","1853","46","66","51","29.94","27.71","55","9.3","1","-4.2","0","75","57","330","32","0.00","0","0.0","330","21"
"2010-09-05T23:59:00","1852","49","63","63","30.04","27.79","55","3.1","0","-7.0","2","77","49","200","15","0.00","0","0.0","160","12"
"2010-09-06T23:59:00","1850","53","65","67","30.17","27.91","58","3.0","0","-4.7","0","81","49","170","17","0.00","0","0.0","170","13"
"2010-09-07T23:59:00","1849","59","69","73","30.20","27.97","62","2.6","4","-0.5","0","86","52","170","17","0.00","0","0.0","170","15"
"2010-09-08T23:59:00","1848","64","69","86","30.07","27.87","66","4.2","4","-0.2","0","75","62","330","24","0.02","0","0.0","340","20"
"2010-09-09T23:59:00","1846","57","72","63","29.98","27.77","62","7.1","7","3.1","0","83","61","340","21","0.00","0","0.0","340","15"
"2010-09-10T23:59:00","1845","57","73","66","29.95","27.74","62","3.6","8","4.4","0","83","63","340","20","T","0","0.0","340","16"
"2010-09-11T23:59:00","1843","64","68","93","29.96","27.75","65","2.6","3","-0.3","0","71","64","160","16","0.95","0","0.0","170","13"
"2010-09-12T23:59:00","1842","58","69","71","30.01","27.78","62","8.1","4","1.0","0","79","59","330","28","0.00","0","0.0","330","22"
"2010-09-13T23:59:00","1840","51","67","63","30.11","27.87","57","4.1","2","-0.7","0","80","54","340","16","0.00","0","0.0","320","13"
"2010-09-14T23:59:00","1839","52","67","63","30.12","27.88","58","4.8","2","-0.3","0","84","50","340","18","0.00","0","0.0","330","15"
"2010-09-15T23:59:00","1838","56","69","68","30.13","27.91","61","1.2","4","2.0","0","84","54","170","15","0.00","0","0.0","180","12"
"2010-09-16T23:59:00","1836","57","71","67","30.05","27.84","62","5.7","6","4.3","0","82","59","220","26","0.00","0","0.0","190","18"
"2010-09-17T23:59:00","1835","61","73","71","30.03","27.81","65","5.5","8","6.7","0","83","63","340","21","0.02","0","0.0","330","16"
"2010-09-18T23:59:00","1833","59","70","74","30.14","27.91","63","2.2","5","4.0","0","83","57","150","18","0.00","0","0.0","170","12"
"2010-09-19T23:59:00","1832","58","70","70","30.14","27.92","62","3.4","5","4.3","0","86","54","340","22","0.00","0","0.0","330","17"
"2010-09-20T23:59:00","1830","58","72","68","30.06","27.84","62","3.9","7","6.7","0","86","57","340","20","0.00","0","0.0","340","15"
"2010-09-21T23:59:00","1829","60","72","74","30.12","27.89","64","2.4","7","7.0","0","86","57","180","18","0.00","0","0.0","170","15"
"2010-09-22T23:59:00","1827","62","73","79","30.18","27.94","65","2.5","8","8.4","0","84","61","340","16","0.00","0","0.0","330","13"
"2010-09-23T23:59:00","1826","61","73","72","30.21","27.98","65","1.8","8","8.8","0","87","58","150","16","0.00","0","0.0","180","12"
"2010-09-24T23:59:00","1824","58","72","68","30.16","27.95","63","2.4","7","8.1","0","85","58","180","20","0.00","0","0.0","180","14"
"2010-09-25T23:59:00","1823","61","71","80","30.00","27.80","64","4.1","6","7.5","0","84","57","330","28","0.88","0","0.0","330","23"
"2010-09-26T23:59:00","1821","61","63","94","29.88","27.68","61","1.7","0","-0.2","2","66","59","210","12","1.11","0","0.0","190","8"
"2010-09-27T23:59:00","1820","59","62","92","29.75","27.55","60","4.3","0","-0.8","3","66","58","010","17","0.85","0","0.0","350","12"
"2010-09-28T23:59:00","1819","52","62","75","29.76","27.53","56","7.4","0","-0.5","3","71","53","330","18","0.00","0","0.0","330","14"
"2010-09-29T23:59:00","1817","55","60","88","29.80","27.59","57","3.5","0","-2.1","5","65","54","340","13","0.26","0","0.0","340","10"
"2010-09-30T23:59:00","1816","57","64","82","29.66","27.45","59","12.6","0","2.2","1","68","59","330","31","0.06","0","0.0","330","24"
"2010-10-01T23:59:00","1814","46","60","58","29.86","27.62","53","13.8","0","-1.4","5","68","52","320","37","0.00","0","0.0","330","29"
"2010-10-02T23:59:00","1813","46","57","70","29.96","27.71","51","2.8","0","-4.1","8","71","42","340","14","0.00","0","0.0","340","12"
"2010-10-03T23:59:00","1811","43","53","74","30.02","27.75","47","13.4","0","-7.7","12","59","46","340","28","0.00","0","0.0","340","23"
"2010-10-04T23:59:00","1810","38","51","67","30.16","27.88","43","12.5","0","-9.4","14","58","43","320","28","0.00","0","0.0","340","23"
"2010-10-05T23:59:00","1809","39","50","71","30.22","27.94","44","7.9","0","-10.0","15","59","40","330","32","0.00","0","0.0","340","24"
"2010-10-06T23:59:00","1807","35","50","57","30.11","27.85","44","6.8","0","-9.7","15","66","33","320","38","0.00","0","0.0","330","29"
"2010-10-07T23:59:00","1806","44","62","54","30.05","27.81","52","8.1","0","2.6","3","76","47","340","24","0.00","0","0.0","320","18"
"2010-10-08T23:59:00","1804","47","61","68","30.10","27.84","53","2.5","0","2.0","4","77","44","340","12","T","0","0.0","340","10"
"2010-10-09T23:59:00","1803","45","60","67","30.08","27.83","51","2.1","0","1.3","5","78","42","320","15","0.00","0","0.0","340","10"
"2010-10-10T23:59:00","1802","47","62","68","30.03","27.79","53","1.4","0","3.6","3","80","43","170","13","T","0","0.0","150","8"
"2010-10-11T23:59:00","1800","47","62","67","29.97","27.73","53","2.1","0","3.9","3","80","43","330","16","0.00","0","0.0","340","12"
"2010-10-12T23:59:00","1759","50","61","75","29.96","27.73","54","2.9","0","3.2","4","77","45","350","16","0.01","0","0.0","340","14"
"2010-10-13T23:59:00","1758","52","61","79","29.98","27.74","55","2.6","0","3.5","4","73","48","330","17","T","0","0.0","330","14"
"2010-10-14T23:59:00","1756","44","53","67","29.94","27.70","50","10.6","0","-4.2","12","65","40","320","33","T","0","0.0","330","25"
"2010-10-15T23:59:00","1755","34","53","57","29.94","27.67","43","8.2","0","-3.9","12","69","37","330","37","0.00","0","0.0","330","30"
"2010-10-16T23:59:00","1754","35","54","57","30.13","27.86","44","6.7","0","-2.6","11","67","40","330","24","0.00","0","0.0","340","20"
"2010-10-17T23:59:00","1753","36","56","56","30.12","27.86","45","4.5","0","-0.3","9","77","35","340","16","0.00","0","0.0","350","12"
"2010-10-18T23:59:00","1751","42","56","66","30.00","27.76","48","2.8","0","0.0","9","72","39","350","15","0.00","0","0.0","330","10"
"2010-10-19T23:59:00","1750","43","57","69","29.92","27.68","49","1.3","0","1.3","8","75","39","320","12","0.00","0","0.0","340","9"
"2010-10-20T23:59:00","1749","47","55","74","29.89","27.65","51","6.3","0","-0.4","10","67","43","340","21","0.06","0","0.0","340","16"
"2010-10-21T23:59:00","1748","35","55","54","29.92","27.66","45","6.6","0","-0.1","10","73","36","340","28","0.00","0","0.0","340","21"
"2010-10-22T23:59:00","1746","28","54","41","30.14","27.85","42","6.2","0","-0.8","11","69","38","350","21","0.00","0","0.0","340","16"
"2010-10-23T23:59:00","1745","37","53","62","30.28","27.99","44","3.0","0","-1.5","12","73","32","200","17","0.00","0","0.0","170","14"
"2010-10-24T23:59:00","1744","48","57","75","30.17","27.92","52","4.6","0","2.8","8","73","40","170","29","0.00","0","0.0","170","21"
"2010-10-25T23:59:00","1743","57","62","88","29.92","27.71","59","5.8","0","8.1","3","67","56","190","22","0.44","0","0.0","190","17"
"2010-10-26T23:59:00","1742","64","68","91","29.83","27.62","65","8.6","3","14.3","0","74","61","180","25","1.69","0","0.0","180","20"
"2010-10-27T23:59:00","1741","65","69","91","29.93","27.71","66","7.4","4","15.6","0","76","61","210","25","0.74","0","0.0","340","18"
"2010-10-28T23:59:00","1740","45","60","60","30.05","27.81","52","9.2","0","6.9","5","68","52","340","35","0.00","0","0.0","350","24"
"2010-10-29T23:59:00","1739","30","50","53","30.20","27.91","41","11.5","0","-2.8","15","61","39","330","30","0.00","0","0.0","330","25"
"2010-10-30T23:59:00","1737","35","48","66","30.15","27.88","41","5.7","0","-4.5","17","66","30","190","22","0.00","0","0.0","180","16"
"2010-10-31T23:59:00","1736","35","53","54","30.03","27.76","44","6.2","0","0.8","12","70","35","340","22","0.00","0","0.0","340","17"
"2010-11-01T23:59:00","1735","38","49","69","30.23","27.93","43","3.2","0","-3.0","16","61","37","170","15","0.00","0","0.0","170","13"
"2010-11-02T23:59:00","1734","35","48","65","30.30","28.02","42","3.8","0","-3.7","17","55","40","160","17","0.00","0","0.0","170","13"
"2010-11-03T23:59:00","1734","40","49","76","30.04","27.81","44","3.7","0","-2.4","16","59","39","160","13","0.02","0","0.0","160","10"
"2010-11-04T23:59:00","1733","40","44","82","29.64","27.42","43","9.4","0","-7.1","21","51","37","320","30","0.34","0","0.0","330","24"
"2010-11-05T23:59:00","1732","31","41","73","29.81","27.50","36","11.3","0","-9.8","24","47","34","340","29","T","0","0.0","340","24"
"2010-11-06T23:59:00","1731","27","37","74","30.22","27.86","32","9.1","0","-13.5","28","44","29","330","28","T","0","T","330","21"
"2010-11-07T23:59:00","1730","21","40","52","30.34","28.04","32","10.1","0","-10.2","25","52","27","340","26","0.00","0","0.0","340","20"
"2010-11-08T23:59:00","1729","25","48","42","30.09","27.83","38","10.4","0","-1.9","17","63","33","330","26","0.00","0","0.0","340","20"
"2010-11-09T23:59:00","1728","28","54","39","30.03","27.78","42","8.2","0","4.4","11","68","40","330","28","0.00","0","0.0","340","22"
"2010-11-10T23:59:00","1727","32","53","55","30.14","27.85","42","3.6","0","3.7","12","73","32","340","17","0.00","0","0.0","340","14"
"2010-11-11T23:59:00","1727","35","52","64","30.32","28.02","42","0.6","0","3.0","13","72","32","340","10","0.00","0","0.0","330","8"
"2010-11-12T23:59:00","1726","35","52","66","30.35","28.07","42","1.3","0","3.3","13","70","33","160","13","0.00","0","0.0","150","9"
"2010-11-13T23:59:00","1725","32","49","62","30.20","27.94","40","1.7","0","0.6","16","68","30","160","14","0.00","0","0.0","160","10"
"2010-11-14T23:59:00","1725","35","47","66","30.03","27.78","41","2.6","0","-1.1","18","64","29","190","16","0.00","0","0.0","180","12"
"2010-11-15T23:59:00","1724","44","48","86","29.93","27.68","46","4.1","0","0.2","17","55","40","180","20","0.17","0","0.0","180","16"
"2010-11-16T23:59:00","1723","48","53","87","29.70","27.48","50","8.1","0","5.5","12","59","47","170","30","0.28","0","0.0","190","21"
"2010-11-17T23:59:00","1723","33","44","63","30.01","27.70","40","8.6","0","-3.2","21","54","33","350","29","T","0","0.0","340","21"
"2010-11-18T23:59:00","1722","32","43","72","30.21","27.90","37","2.8","0","-3.8","22","57","29","340","16","0.00","0","0.0","350","13"
"2010-11-19T23:59:00","1722","33","43","74","30.29","27.97","38","2.8","0","-3.5","22","57","28","130","17","0.00","0","0.0","140","12"
"2010-11-20T23:59:00","1721","36","46","73","30.31","28.00","41","1.6","0","-0.2","19","63","29","280","15","0.00","0","0.0","280","10"
"2010-11-21T23:59:00","1721","39","48","78","30.36","28.06","43","2.4","0","2.1","17","65","31","180","17","0.00","0","0.0","170","14"
"2010-11-22T23:59:00","1720","45","51","80","30.29","28.02","48","4.3","0","5.4","14","65","37","190","28","0.00","0","0.0","210","20"
"2010-11-23T23:59:00","1720","49","57","86","30.12","27.86","51","7.0","0","11.7","8","68","45","340","38","0.02","0","0.0","340","29"
"2010-11-25T23:59:00","1719","47","58","71","29.99","27.78","52","9.1","0","13.3","7","67","49","190","29","T","0","0.0","180","22"
"2010-11-26T23:59:00","1719","41","47","80","29.85","27.60","44","12.4","0","2.6","18","60","33","340","31","0.10","0","0.0","340","23"
"2010-11-27T23:59:00","1718","20","37","53","30.04","27.71","30","15.4","0","-7.1","28","45","28","340","36","0.00","0","0.0","340","28"
"2010-11-28T23:59:00","1718","24","35","69","30.30","27.96","30","3.3","0","-8.8","30","46","23","160","17","0.00","0","0.0","140","13"
"2010-11-29T23:59:00","1718","30","37","76","30.35","28.03","35","5.8","0","-6.5","28","42","31","210","14","0.45","0","0.0","170","10"
"2010-11-30T23:59:00","1718","50","52","96","29.96","27.73","50","8.6","0","8.8","13","63","40","220","29","4.11","0","0.0","330","22"
"2010-12-01T23:59:00","1717","26","39","71","29.96","27.65","32","13.1","0","-3.9","26","49","28","350","31","0.09","0","T","340","23"
"2010-12-02T23:59:00","1717","17","33","55","30.19","27.86","27","7.8","0","-9.6","32","39","26","340","20","0.00","0","0.0","340","16"
"2010-12-03T23:59:00","1717","25","37","66","30.09","27.79","31","3.4","0","-5.4","28","49","25","340","24","0.00","0","0.0","340","17"
"2010-12-04T23:59:00","1717","30","35","82","29.92","27.66","33","7.4","0","-7.1","30","40","30","340","37","0.07","0","0.0","330","29"
"2010-12-05T23:59:00","1717","21","31","72","30.03","27.68","26","16.2","0","-10.8","34","36","25","340","37","T","0","T","340","29"
"2010-12-06T23:59:00","1717","11","24","60","30.01","27.70","20","16.8","0","-17.6","41","30","17","330","43","T","0","T","330","33"
"2010-12-07T23:59:00","1717","9","21","62","30.00","27.65","17","16.4","0","-20.3","44","26","16","340","37","T","0","T","340","26"
"2010-12-08T23:59:00","1717","7","25","50","30.15","27.79","19","12.3","0","-16.1","40","33","16","330","24","0.00","0","0.0","330","20"
"2010-12-09T23:59:00","1717","12","29","52","30.27","27.92","23","2.9","0","-11.8","36","42","15","340","20","0.00","0","0.0","350","15"
"2010-12-10T23:59:00","1718","16","37","52","30.23","27.91","27","2.3","0","-3.6","28","46","27","100","13","0.00","0","0.0","140","8"
"2010-12-11T23:59:00","1718","19","38","50","30.07","27.79","30","3.4","0","-2.3","27","48","27","160","18","0.00","0","0.0","150","13"
"2010-12-12T23:59:00","1718","23","28","80","29.52","27.29","27","9.7","0","-12.1","37","37","19","310","31","0.43","3","3.8","310","24"
"2010-12-13T23:59:00","1718","6","17","60","29.70","27.34","15","22.3","0","-22.9","48","20","13","340","47","T","2","T","330","38"
"2010-12-14T23:59:00","1718","3","17","59","30.03","27.65","12","15.7","0","-22.7","48","22","11","330","38","0.00","2","0.0","340","30"
"2010-12-15T23:59:00","1719","5","22","50","30.06","27.71","17","6.9","0","-17.5","43","32","11","350","17","0.00","2","0.0","340","14"
"2010-12-16T23:59:00","1719","33","38","85","29.76","27.48","36","6.5","0","-1.3","27","47","28","340","32","T","2","0.0","340","26"
"2010-12-17T23:59:00","1719","30","37","79","30.01","27.68","34","11.0","0","-2.1","28","44","30","330","28","0.00","0","0.0","340","23"
"2010-12-18T23:59:00","1720","29","33","87","30.02","27.71","31","1.8","0","-5.9","32","37","28","350","13","0.00","0","0.0","350","9"
"2010-12-19T23:59:00","1720","21","30","70","30.01","27.70","27","10.1","0","-8.8","35","37","23","330","24","0.00","0","0.0","330","20"
"2010-12-20T23:59:00","1721","19","30","65","30.11","27.79","26","8.0","0","-8.6","35","39","21","340","29","0.00","0","0.0","340","23"
"2010-12-21T23:59:00","1721","29","38","72","30.04","27.74","34","3.7","0","-0.4","27","44","31","340","12","T","0","0.0","330","9"
"2010-12-22T23:59:00","1722","34","40","80","29.96","27.68","38","11.8","0","1.7","25","49","31","340","41","0.01","0","0.0","340","32"
"2010-12-23T23:59:00","1722","17","30","63","30.21","27.88","25","19.6","0","-8.1","35","34","25","330","43","0.00","0","0.0","330","33"
"2010-12-24T23:59:00","1723","15","35","51","30.16","27.83","26","10.2","0","-3.0","30","47","23","350","29","0.00","0","0.0","340","23"
"2010-12-26T23:59:00","1724","16","24","74","29.81","27.49","21","19.5","0","-13.8","41","28","19","330","51","0.02","7","0.5","330","40"
"2010-12-27T23:59:00","1725","14","23","70","30.09","27.72","19","16.8","0","-14.6","42","27","18","330","44","0.01","6","T","330","36"
"2010-12-28T23:59:00","1725","11","27","56","30.21","27.86","21","12.4","0","-10.5","38","38","15","350","33","0.00","5","0.0","340","26"
"2010-12-29T23:59:00","1726","20","33","62","30.13","27.81","28","8.1","0","-4.4","32","41","25","340","24","0.00","3","0.0","340","17"
"2010-12-30T23:59:00","1727","24","35","68","30.18","27.85","31","3.6","0","-2.3","30","45","25","120","13","T","2","0.0","170","9"
"2010-12-31T23:59:00","1727","36","41","81","30.22","27.91","40","3.7","0","3.7","24","50","31","170","15","0.00","0","0.0","170","12"
